targetName,center,galaxyName,environment,degreesJ2000RA_DecAGN,degreesJ2000RA_DecGalaxy,likelihood,likelihood_1.5,virialRadius,d^1.5,impactParameter (kpc),redshiftDistances,vcorrGalaxy (km/s),radialVelocity (km/s),vel_diff,distGalaxy (Mpc),AGN S/N,majorAxis (kpc),minorAxis (kpc),inclination (deg),positionAngle (deg),azimuth (deg),RC3flag,RC3type,RC3inc (deg),RC3pa (deg),morphology,final_morphology,galaxyRedshift,AGNredshift,spectrumStatus,include,include_vir,include_custom,Lya_v,vlimits,Lya_W,Na,b,identified,comment
RX_J1121.2+0326,1471,NGC3640,25,"('170.30833333333334', '3.4297222222222223')","('170.27854', '3.23483')",0.769889264188177,0.7102575781549482,171.91391896736113,145.7872868257037,78.10849224941208,x,1582.0,1298.0,-173.0,22.7,x,27.7,22.2,37.0,100.0,88.7,238.86,.E.3...,1.0,100.0,E3,E3,0.00433,0.152,x,?,True,True,1471,"1438, 1504",227,5.71E+13,25.2,Lya,noisy
RX_J1121.2+0326,2605,NGC3633,2,"('170.30833333333334', '3.4297222222222223')","('170.10924', '3.58561')",0.1342052807750262,0.0038366488910329894,128.17349203645304,77.0048115379812,181.61599049680822,x,2884.0,2600.0,-5.0,41.2,x,18.1,6.5,69.0,70.0,58.1,72.14,.SA.1*/,0.33,72.0,SAa:_sp_HII,SAa:_sp_HII,0.008673,0.152,x,?,True,False,2605,"2533, 2667",190,4.60E+13,43.3,Lya,noisy : VIRIAL AND CUSTOM INCLUDE MISMATCH
RX_J1121.2+0326,6384.0,x,0,"('170.3083333', '3.429722222')","('x', 'x')",-99,-99,-99,-99,x,x,x,x,x,x,x,x,x,x,x,x,x,x,x,x,x,x,x,0.152,x,False,False,False,6384,"6307, 6413",182,4.70E+13,39.4,Lya,noisy : NO GALAXIES
RX_J1121.2+0326,6975,PGC034796,1,"('170.30833333333334', '3.4297222222222223')","('170.36231', '3.44491')",1.2292065508122771,1.0288887878757145,166.30553723674035,135.64565603070375,98.8858513998737,x,7186.0,6902.0,-73.0,101.21,x,26.4,12.9,61.0,145.0,70.7,-99.99,x,-99.99,-99,Scd,Scd,0.023022,0.152,x,?,True,True,6975,"6782, 7106",678,1.96E+14,113.3,Lya,noisy : ONLY 1 GALAXY
SDSSJ112224.10+031802.0,1049,NGC3640,11,"('170.60041666666666', '3.3005555555555555')","('170.27854', '3.23483')",0.23971927172991842,0.19177288860163932,171.91391896736113,145.7872868257037,129.95247320333513,x,1582.0,1298.0,249.0,22.7,x,27.7,22.2,37.0,100.0,21.6,238.86,.E.3...,-99.99,100.0,E3,E3,0.00433,0.47528,x,?,True,True,1049,"979, 1113",295,9.59E+13,41.4,Lya,in pilot paper
SDSSJ112224.10+031802.0,1264,NGC3640,21,"('170.60041666666666', '3.3005555555555555')","('170.27854', '3.23483')",1.0972842446249973,0.8778158205231219,171.91391896736113,145.7872868257037,129.95247320333513,x,1582.0,1298.0,34.0,22.7,x,27.7,22.2,37.0,100.0,21.6,238.86,.E.3...,-99.99,100.0,E3,E3,0.00433,0.47528,x,?,True,True,1264,"1187, 1359",423,1.51E+14,54.7,Lya,in pilot paper
SDSSJ112224.10+031802.0,6606,PGC034796,1,"('170.60041666666666', '3.3005555555555555')","('170.36231', '3.44491')",1.817350204422949e-05,2.2535643623686312e-07,166.30553723674035,135.64565603070375,491.23925027710317,x,7186.0,6902.0,296.0,101.21,x,26.4,12.9,61.0,145.0,23.7,-99.99,x,-99.99,-99,Scd,Scd,0.023022,0.47528,x,?,False,False,6606,"6556, 6656",70,1.44E+13,32.9,no,"not identified, looks like it's there to me : ONLY 1 GALAXY"
SDSSJ112224.10+031802.0,8872,SDSSJ112230.40+031545.8,1,"('170.60041666666666', '3.3005555555555555')","('170.62667', '3.26275')",0.8995244029320364,0.09497682185708411,121.74843978037151,68.8595091472485,104.12419396654934,x,9208.0,8924.0,52.0,129.69,x,16.8,9.4,56.0,148.0,2.7,-99.99,x,-99.99,-99,x,x,0.029767,0.47528,x,?,True,True,8872,"8772, 8966",432,1.39E+14,56.3,Lya,"in pilot paper, blended with Lye : ONLY 1 GALAXY"
SDSSJ112224.10+031802.0,9890.0,x,0,"('170.6004167', '3.300555556')","('x', 'x')",-99,-99,-99,-99,x,x,x,x,x,x,x,x,x,x,x,x,x,x,x,x,x,x,x,0.47528,x,False,False,False,9890,"9837, 9947",51,1.01E+13,48.7,Lya,"weak, in pilot paper : NO GALAXIES"
SDSSJ112224.10+031802.0,10193.0,x,0,"('170.6004167', '3.300555556')","('x', 'x')",-99,-99,-99,-99,x,x,x,x,x,x,x,x,x,x,x,x,x,x,x,x,x,x,x,0.47528,x,False,False,False,10193,"10136, 10276",197,4.83E+13,42.1,Lya,out of range : NO GALAXIES
RBS1768,4869.0,x,0,"('324.7079167', '-38.47777778')","('x', 'x')",-99,-99,-99,-99,x,x,x,x,x,x,x,x,x,x,x,x,x,x,x,x,x,x,x,0.18299,x,False,False,False,4869,"4820, 4902",39,7.79E+12,29.7,Lya,in pilot paper : NO GALAXIES
RBS1768,5755.0,x,0,"('324.7079167', '-38.47777778')","('x', 'x')",-99,-99,-99,-99,x,x,x,x,x,x,x,x,x,x,x,x,x,x,x,x,x,x,x,0.18299,x,False,False,False,5755,"5662, 5828",378,1.29E+14,45.8,Lya,"in pilot paper, blended with 5864 : NO GALAXIES"
RBS1768,5863.0,x,0,"('324.7079167', '-38.47777778')","('x', 'x')",-99,-99,-99,-99,x,x,x,x,x,x,x,x,x,x,x,x,x,x,x,x,x,x,x,0.18299,x,False,False,False,5863,"5826, 5924",102,2.31E+13,32,Lya,"in pilot paper, blended with 5755 : NO GALAXIES"
RBS1768,6531.0,x,0,"('324.7079167', '-38.47777778')","('x', 'x')",-99,-99,-99,-99,x,x,x,x,x,x,x,x,x,x,x,x,x,x,x,x,x,x,x,0.18299,x,False,False,False,6531,"6510, 6554",15,3.01E+12,14.7,Lya,"in pilot paper, super weak : NO GALAXIES"
RBS1768,9308,PGC067067,1,"('324.7079166666667', '-38.477777777777774')","('324.43825', '-38.49256')",0.014054122774218225,0.05611087935814263,241.01580330753413,303.8838725566068,465.5998339556428,x,8951.0,9162.0,-146.0,126.07,x,45.2,5.0,84.0,160.0,74.0,-99.99,x,-99.99,-99,Sb,Sb,0.030561,0.18299,x,?,True,True,9308,"9284, 9332",63,1.41E+13,17.9,no,"not labeled, def looks like a blended component though : ONLY 1 GALAXY"
RBS1768,9360,PGC067067,1,"('324.7079166666667', '-38.477777777777774')","('324.43825', '-38.49256')",0.008986431140428719,0.035878194724885674,241.01580330753413,303.8838725566068,465.5998339556428,x,8951.0,9162.0,-198.0,126.07,x,45.2,5.0,84.0,160.0,74.0,-99.99,x,-99.99,-99,Sb,Sb,0.030561,0.18299,x,?,False,True,9360,"9332, 9426",306,1.25E+14,31.8,Lya,"blended with 9308, 9434 : ONLY 1 GALAXY"
RBS1768,9434,PGC067067,1,"('324.7079166666667', '-38.477777777777774')","('324.43825', '-38.49256')",0.0037667621588024333,0.015038742756047763,241.01580330753413,303.8838725566068,465.5998339556428,x,8951.0,9162.0,-272.0,126.07,x,45.2,5.0,84.0,160.0,74.0,-99.99,x,-99.99,-99,Sb,Sb,0.030561,0.18299,x,?,False,True,9434,"9420, 9506",161,4.72E+13,25.2,Lya,blended with 9360 : ONLY 1 GALAXY
RBS2000,1598,NGC7582:[ZM98]0024,4,"('351.18625', '-40.680277777777775')","('350.20458', '-41.73083')",0.064775913073155,0.0,13.586814548942638,0.5856620185738528,22.41287639257087,x,1369.0,1623.0,25.0,1.0,x,0.7,0.6,30.0,47.0,11.7,99.58,.SBS9..,0.83,-99,SAB(s)m,SAB(s)m,0.005414,0.17359,x,?,True,False,1598,"1555, 1641",35,6.81E+12,29,Lya,weak : VIRIAL AND CUSTOM INCLUDE MISMATCH
RBS2000,7681.0,x,0,"('351.18625', '-40.68027778')","('x', 'x')",-99,-99,-99,-99,x,x,x,x,x,x,x,x,x,x,x,x,x,x,x,x,x,x,x,0.17359,x,False,False,False,7681,"7654, 7718",45,9.31E+12,21.9,Lya,weak : NO GALAXIES
MRC2251-178,888,UMaDwarf,1,"('343.52458333333334', '-17.581944444444446')","('158.72', '51.92')",-99.99,-99.99,-99.99,-99.99,253.86277185248528,x,1313.0,1101.0,213.0,0.1,x,-99.99,-99.99,-99,-99,34.7,-99.99,x,-99.99,-99,dSph,dSph,0.003673,0.06609,x,?,False,False,888,"856, 918",34,6.84E+12,21.4,Lya,weak : ONLY 1 GALAXY
MRC2251-178,2265.0,x,0,"('343.5245833', '-17.58194444')","('x', 'x')",-99,-99,-99,-99,x,x,x,x,x,x,x,x,x,x,x,x,x,x,x,x,x,x,x,0.06609,x,False,False,False,2265,"2210, 2322",76,1.55E+13,39.4,Lya, : NO GALAXIES
MRC2251-178,3061,PGC069976,3,"('343.52458333333334', '-17.581944444444446')","('343.6474', '-18.00054')",7.727733476096536e-06,1.3302405916787247e-25,97.63112263186666,42.61276803963807,319.50588444275616,x,2991.0,3267.0,206.0,42.12,x,12.2,7.3,53.0,40.0,55.6,75.54,.IBS9..,-99.99,40.0,IB(s)m,IB(s)m,0.010898,0.06609,x,?,False,False,3061,"3006, 3116",69,1.39E+13,43.1,Lya,blended with 3205 : VIRIAL AND CUSTOM INCLUDE MISMATCH
MRC2251-178,3205,PGC069976,3,"('343.52458333333334', '-17.581944444444446')","('343.6474', '-18.00054')",2.027960311434158e-05,3.490900835190043e-25,97.63112263186666,42.61276803963807,319.50588444275616,x,2991.0,3267.0,62.0,42.12,x,12.2,7.3,53.0,40.0,55.6,75.54,.IBS9..,-99.99,40.0,IB(s)m,IB(s)m,0.010898,0.06609,x,?,False,False,3205,"3116, 3318",335,9.38E+13,52.9,Lya,blended with 3061 : VIRIAL AND CUSTOM INCLUDE MISMATCH
MRC2251-178,4698.0,x,0,"('343.5245833', '-17.58194444')","('x', 'x')",-99,-99,-99,-99,x,x,x,x,x,x,x,x,x,x,x,x,x,x,x,x,x,x,x,0.06609,x,False,False,False,4698,"4674, 4720",20,3.88E+12,15.6,Lya,weak : NO GALAXIES
MRC2251-178,8429.0,x,0,"('343.5245833', '-17.58194444')","('x', 'x')",-99,-99,-99,-99,x,x,x,x,x,x,x,x,x,x,x,x,x,x,x,x,x,x,x,0.06609,x,False,False,False,8429,"8382, 8480",40,7.74E+12,35.8,Lya,weak : NO GALAXIES
MRC2251-178,9029,MCG-03-58-009,1,"('343.52458333333334', '-17.581944444444446')","('343.42021', '-17.47889')",0.34193287528818034,1.4886043141775387,342.75873676985344,653.420061675489,355.0682459580529,x,8754.0,9030.0,1.0,142.0,x,75.3,50.5,48.0,27.0,71.0,62.83,.S?....,0.66,27.0,Sc,Sc,0.030121,0.06609,x,?,True,True,9029,"8961, 9095",62,1.22E+13,45.7,Lya, : ONLY 1 GALAXY
MRC2251-178,9735.0,x,0,"('343.5245833', '-17.58194444')","('x', 'x')",-99,-99,-99,-99,x,x,x,x,x,x,x,x,x,x,x,x,x,x,x,x,x,x,x,0.06609,x,False,False,False,9735,"9668, 9798",188,4.52E+13,40.8,Lya, : NO GALAXIES
1H0419-577,1075,NGC1574,15,"('66.50291666666666', '-57.20055555555555')","('65.49508', '-56.97475')",0.24065921574776186,0.12854059413035215,168.90441325282507,140.29611541307906,199.52704780119473,x,902.0,1041.0,-34.0,19.3,x,27.0,24.6,24.0,45.0,67.5,203.31,.LAS-*.,-99.99,35.0,SA0^-,SA0^-,0.003472,0.104,x,?,True,True,1075,"990, 1100",249,1.17E+14,28.2,Lya,"blended with 1123, 1188 - errors are way too small?"
1H0419-577,1123,NGC1574,16,"('66.50291666666666', '-57.20055555555555')","('65.49508', '-56.97475')",0.2093865133598024,0.1118372581183907,168.90441325282507,140.29611541307906,199.52704780119473,x,902.0,1041.0,-82.0,19.3,x,27.0,24.6,24.0,45.0,67.5,203.31,.LAS-*.,0.79,35.0,SA0^-,SA0^-,0.003472,0.104,x,?,True,True,1123,"1100, 1168",269,1.62E+14,26.8,Lya,"blended with 1123, 1188 - errors are way too small?"
1H0419-577,1188,NGC1574,16,"('66.50291666666666', '-57.20055555555555')","('65.49508', '-56.97475')",0.14432343975439138,0.07708585202242804,168.90441325282507,140.29611541307906,199.52704780119473,x,902.0,1041.0,-147.0,19.3,x,27.0,24.6,24.0,45.0,67.5,203.31,.LAS-*.,0.79,35.0,SA0^-,SA0^-,0.003472,0.104,x,?,True,True,1188,"1168, 1252",240,8.79E+13,29.7,Lya,blended with 1123 - errors are way too small?
1H0419-577,1264,NGC1574,12,"('66.50291666666666', '-57.20055555555555')","('65.49508', '-56.97475')",0.07145421466490964,0.038165034227369395,168.90441325282507,140.29611541307906,199.52704780119473,x,902.0,1041.0,-223.0,19.3,x,27.0,24.6,24.0,45.0,67.5,203.31,.LAS-*.,0.79,35.0,SA0^-,SA0^-,0.003472,0.104,x,?,True,True,1264,"1252, 1358",91,2.02E+13,32.5,Lya,blended with 1188 - errors are way too small?
1H0419-577,2020.0,x,0,"('66.50291667', '-57.20055556')","('x', 'x')",-99,-99,-99,-99,x,x,x,x,x,x,x,x,x,x,x,x,x,x,x,x,x,x,x,0.104,x,False,False,False,2020,"2004, 2048",9,1.67E+12,17.5,Lya,super weak : NO GALAXIES
1H0419-577,7801,APMBGC157+004+115,1,"('66.50291666666666', '-57.20055555555555')","('66.09964', '-57.11457')",-99.99,-99.99,-99.99,-99.99,449.86483874206806,x,7788.0,7925.0,124.0,109.68,x,-99.99,-99.99,-99,-99,30.5,-99.99,x,-99.99,-99,S,S,0.026435,0.104,x,?,False,False,7801,"7712, 7872",122,2.61E+13,43.9,Lya,looks asymetric : ONLY 1 GALAXY
1H0419-577,8819.0,x,0,"('66.50291667', '-57.20055556')","('x', 'x')",-99,-99,-99,-99,x,x,x,x,x,x,x,x,x,x,x,x,x,x,x,x,x,x,x,0.104,x,False,False,False,8819,"8772, 8874",39,7.57E+12,30.4,Lya, : NO GALAXIES
1H0419-577,9962.0,x,0,"('66.50291667', '-57.20055556')","('x', 'x')",-99,-99,-99,-99,x,x,x,x,x,x,x,x,x,x,x,x,x,x,x,x,x,x,x,0.104,x,False,False,False,9962,"9926, 10000",34,6.78E+12,23.3,Lya, : NO GALAXIES
HE0429-5343,1167,NGC1617,7,"('67.66666666666667', '-53.61555555555555')","('67.91471', '-54.60228')",0.05981590536569971,0.004293385621943491,146.18622091989516,102.48638446154688,233.26134506519656,x,926.0,1063.0,-104.0,13.4,x,21.9,10.3,62.0,107.0,64.5,255.95,.SBS1..,0.26,107.0,(R')SAB(rs)a,(R')SAB(rs)a,0.003546,0.04001,x,?,True,False,1167,"1124, 1200",79,1.71E+13,25.8,Lya,noisy : VIRIAL AND CUSTOM INCLUDE MISMATCH
HE0429-5343,1358,NGC1617,7,"('67.66666666666667', '-53.61555555555555')","('67.91471', '-54.60228')",0.008899958391424132,0.0006388092458021547,146.18622091989516,102.48638446154688,233.26134506519656,x,926.0,1063.0,-295.0,13.4,x,21.9,10.3,62.0,107.0,64.5,255.95,.SBS1..,0.74,107.0,(R')SAB(rs)a,(R')SAB(rs)a,0.003546,0.04001,x,?,False,False,1358,"1260, 1430",136,2.88E+13,57.8,Lya,noisy : VIRIAL AND CUSTOM INCLUDE MISMATCH
HE0429-5343,3949.0,x,0,"('67.66666667', '-53.61555556')","('x', 'x')",-99,-99,-99,-99,x,x,x,x,x,x,x,x,x,x,x,x,x,x,x,x,x,x,x,0.04001,x,False,False,False,3949,"3895, 3993",158,3.96E+13,31,Lya, : NO GALAXIES
HE0429-5343,4951.0,x,0,"('67.66666667', '-53.61555556')","('x', 'x')",-99,-99,-99,-99,x,x,x,x,x,x,x,x,x,x,x,x,x,x,x,x,x,x,x,0.04001,x,False,False,False,4951,"4888, 5006",134,3.10E+13,34.1,Lya, : NO GALAXIES
HE0429-5343,5638,ADF-S113,2,"('67.66666666666667', '-53.61555555555555')","('67.71205', '-53.79554')",-99.99,-99.99,-99.99,-99.99,262.03081206071784,x,5858.0,5996.0,358.0,82.5,x,-99.99,-99.99,-99,-99,89.5,-99.99,x,-99.99,-99,x,x,0.02,0.04001,x,?,False,False,5638,"5586, 5680",92,1.98E+13,34.7,Lya, : VIRIAL AND CUSTOM INCLUDE MISMATCH
HE0429-5343,8953.0,x,0,"('67.66666667', '-53.61555556')","('x', 'x')",-99,-99,-99,-99,x,x,x,x,x,x,x,x,x,x,x,x,x,x,x,x,x,x,x,0.04001,x,False,False,False,8953,"8820, 9092",555,2.37E+14,61.1,Lya,intrinsic - vAGN = 11994 : NO GALAXIES
HE0435-5304,1512,NGC1566GROUP:[KKF2005]17,4,"('69.21208333333334', '-52.97972222222222')","('69.90367', '-53.01264')",0.04090393503670699,2.39521896914433e-05,109.98764963207289,55.214355017513334,174.17088724920578,x,1545.0,1678.0,166.0,23.9,x,14.5,3.3,77.0,28.0,66.5,116.99,.S?....,0.74,28.0,S?,S?,0.005597,0.42616,x,?,True,False,1512,"1450, 1570",220,5.91E+13,37.9,Lya,blended with 1633 : VIRIAL AND CUSTOM INCLUDE MISMATCH
HE0435-5304,1633,NGC1566GROUP:[KKF2005]17,4,"('69.21208333333334', '-52.97972222222222')","('69.90367', '-53.01264')",0.07743983169354796,4.534657941180395e-05,109.98764963207289,55.214355017513334,174.17088724920578,x,1545.0,1678.0,45.0,23.9,x,14.5,3.3,77.0,28.0,66.5,116.99,.S?....,0.74,28.0,S?,S?,0.005597,0.42616,x,?,True,False,1633,"1570, 1666",217,6.07E+13,35.8,Lya,"blended with 1512, 1690 : VIRIAL AND CUSTOM INCLUDE MISMATCH"
HE0435-5304,1690,NGC1566GROUP:[KKF2005]17,4,"('69.21208333333334', '-52.97972222222222')","('69.90367', '-53.01264')",0.08116842116259602,4.7529936151540915e-05,109.98764963207289,55.214355017513334,174.17088724920578,x,1545.0,1678.0,-12.0,23.9,x,14.5,3.3,77.0,28.0,66.5,116.99,.S?....,0.74,28.0,S?,S?,0.005597,0.42616,x,?,True,False,1690,"1666, 1770",204,5.60E+13,35.7,Lya,blended with 1633 : VIRIAL AND CUSTOM INCLUDE MISMATCH
HE0435-5304,3936.0,x,0,"('69.21208333', '-52.97972222')","('x', 'x')",-99,-99,-99,-99,x,x,x,x,x,x,x,x,x,x,x,x,x,x,x,x,x,x,x,0.42616,x,False,False,False,3936,"3875, 3999",88,1.82E+13,42.3,Lya, : NO GALAXIES
RBS563,5111.0,x,0,"('69.62166667', '-61.79972222')","('x', 'x')",-99,-99,-99,-99,x,x,x,x,x,x,x,x,x,x,x,x,x,x,x,x,x,x,x,0.069,x,False,False,False,5111,"5049, 5153",117,2.60E+13,36.8,Lya,blended with 5178 : NO GALAXIES
RBS563,5178.0,x,0,"('69.62166667', '-61.79972222')","('x', 'x')",-99,-99,-99,-99,x,x,x,x,x,x,x,x,x,x,x,x,x,x,x,x,x,x,x,0.069,x,False,False,False,5178,"5153, 5305",168,3.74E+13,56.7,Lya,blended with 5111 : NO GALAXIES
RBS563,7529.0,x,0,"('69.62166667', '-61.79972222')","('x', 'x')",-99,-99,-99,-99,x,x,x,x,x,x,x,x,x,x,x,x,x,x,x,x,x,x,x,0.069,x,False,False,False,7529,"7428, 7620",471,1.95E+14,51.4,Lya,slightly blended with 7659 : NO GALAXIES
RBS563,7659.0,x,0,"('69.62166667', '-61.79972222')","('x', 'x')",-99,-99,-99,-99,x,x,x,x,x,x,x,x,x,x,x,x,x,x,x,x,x,x,x,0.069,x,False,False,False,7659,"7620, 7704",80,1.70E+13,30.2,Lya,slightly blended with 7529 : NO GALAXIES
RBS567,613,NGC1566GROUP:[KKF2005]18,5,"('69.91125', '-53.191944444444445')","('67.851', '-54.41683')",2.775697378358162e-17,1.1401408183139869e-141,76.70151309027739,25.220150673618107,451.94715577099686,x,845.0,982.0,369.0,15.0,x,8.6,1.8,78.0,115.0,69.8,143.93,.L..0P/,0.21,101.0,S0^0^_pec_sp,S0^0^_pec_sp,0.003276,0.243,x,?,False,False,613,"559, 675",87,1.82E+13,39.4,Lya,hard to fit continuum : VIRIAL AND CUSTOM INCLUDE MISMATCH
RBS567,1664,NGC1566GROUP:[KKF2005]17,4,"('69.91125', '-53.191944444444445')","('69.90367', '-53.01264')",1.252973405485278,0.15864994685407138,109.98764963207289,55.214355017513334,74.81810161561626,x,1545.0,1678.0,14.0,23.9,x,14.5,3.3,77.0,28.0,29.4,116.99,.S?....,0.74,28.0,S?,S?,0.005597,0.243,x,?,True,True,1664,"1542, 1776",517,2.21E+14,55.5,Lya,
RBS567,3947,PGC015802,1,"('69.91125', '-53.191944444444445')","('70.18337', '-52.75828')",2.157860937968981e-07,1.3757896158341452e-27,108.938619092996,54.07593734740065,424.7848845691427,x,3738.0,3871.0,-76.0,52.5,x,14.3,2.7,79.0,35.0,14.4,99.58,.S.4*P/,0.19,64.0,Sbc:_pec_sp,Sbc:_pec_sp,0.012912,0.243,x,?,False,False,3947,"3904, 3996",93,2.01E+13,32.7,Lya, : ONLY 1 GALAXY
RBS567,4332.0,x,0,"('69.91125', '-53.19194444')","('x', 'x')",-99,-99,-99,-99,x,x,x,x,x,x,x,x,x,x,x,x,x,x,x,x,x,x,x,0.243,x,False,False,False,4332,"4284, 4366",50,1.02E+13,33.2,Lya,weak : NO GALAXIES
RBS567,5259.0,x,0,"('69.91125', '-53.19194444')","('x', 'x')",-99,-99,-99,-99,x,x,x,x,x,x,x,x,x,x,x,x,x,x,x,x,x,x,x,0.243,x,False,False,False,5259,"5192, 5312",134,3.00E+13,40,Lya,could be 2 blended? : NO GALAXIES
RBS567,6370.0,x,0,"('69.91125', '-53.19194444')","('x', 'x')",-99,-99,-99,-99,x,x,x,x,x,x,x,x,x,x,x,x,x,x,x,x,x,x,x,0.243,x,False,False,False,6370,"6339, 6393",35,7.16E+12,17.9,Lya,weak : NO GALAXIES
RBS567,8033.0,x,0,"('69.91125', '-53.19194444')","('x', 'x')",-99,-99,-99,-99,x,x,x,x,x,x,x,x,x,x,x,x,x,x,x,x,x,x,x,0.243,x,False,False,False,8033,"8029, 8057",13,2.68E+12,8.1,Lya,super weak : NO GALAXIES
RBS567,9119.0,x,0,"('69.91125', '-53.19194444')","('x', 'x')",-99,-99,-99,-99,x,x,x,x,x,x,x,x,x,x,x,x,x,x,x,x,x,x,x,0.243,x,False,False,False,9119,"9087, 9151",32,6.44E+12,27.8,Lya,super weak : NO GALAXIES
HE0439-5254,613,UGC05470,4,"('70.05', '-52.805')","('152.11708', '12.30639')",0.0,0.0,14.898141370053176,0.7155417527999328,414.79457029633716,x,534.0,285.0,-328.0,0.25,x,0.8,0.6,41.0,80.0,44.3,586.34,dE.3...,0.83,80.0,E;dSph,E;dSph,0.000951,1.053,x,?,False,False,613,"506, 676",154,3.27E+13,61.3,Lya,hard to fit cont : VIRIAL AND CUSTOM INCLUDE MISMATCH
HE0439-5254,1005,NGC1705,4,"('70.05', '-52.805')","('73.55625', '-53.36106')",1.9517505048236704e-20,0.0,29.941368737561735,3.263127334322092,193.86516078895565,x,510.0,633.0,-372.0,5.1,x,2.2,1.7,41.0,78.0,26.7,114.33,.LA.-P*,-99.99,50.0,SA0-_pec:;HII_BCDG,SA0-_pec:;HII_BCDG,0.002112,1.053,x,?,False,False,1005,"959, 1045",55,1.10E+13,31.2,Lya,hard to fit cont : VIRIAL AND CUSTOM INCLUDE MISMATCH
HE0439-5254,1148,NGC1566,3,"('70.05', '-52.805')","('65.00175', '-54.93781')",4.6652874866874e-09,2.1133728317522134e-27,114.13979475351596,59.84627807976032,456.7690963051297,x,1361.0,1504.0,356.0,7.15,x,15.3,10.5,46.0,170.0,65.0,499.06,.SXS4..,0.79,60.0,(R'_1)SAB(rs)bcSy1,(R'_1)SAB(rs)bcSy1,0.005017,1.053,x,?,False,False,1148,"1090, 1194",72,1.46E+13,42.5,Lya,hard to fit cont : VIRIAL AND CUSTOM INCLUDE MISMATCH
HE0439-5254,1649,NGC1566GROUP:[KKF2005]17,3,"('70.05', '-52.805')","('69.90367', '-53.01264')",0.941734157179902,0.05359522865282539,109.98764963207289,55.214355017513334,94.11205800891707,x,1545.0,1678.0,29.0,23.9,x,14.5,3.3,77.0,28.0,4.9,116.99,.S?....,0.74,28.0,S?,S?,0.005597,1.053,x,?,True,True,1649,"1554, 1752",501,2.09E+14,52.7,Lya,hard to fit cont
HE0439-5254,3853,PGC015802,1,"('70.05', '-52.805')","('70.18337', '-52.75828')",1.0727613710689936,0.08181833326804908,108.938619092996,54.07593734740065,85.41865492873481,x,3738.0,3871.0,18.0,52.5,x,14.3,2.7,79.0,35.0,24.9,99.58,.S.4*P/,0.19,64.0,Sbc:_pec_sp,Sbc:_pec_sp,0.012912,1.053,x,?,True,True,3853,"3777, 3923",322,1.03E+14,41.5,Lya,hard to fit cont : ONLY 1 GALAXY
HE0439-5254,4656.0,x,0,"('70.05', '-52.805')","('x', 'x')",-99,-99,-99,-99,x,x,x,x,x,x,x,x,x,x,x,x,x,x,x,x,x,x,x,1.053,x,False,False,False,4656,"4614, 4690",64,1.33E+13,29.8,Lya,hard to fit cont : NO GALAXIES
HE0439-5254,5291.0,x,0,"('70.05', '-52.805')","('x', 'x')",-99,-99,-99,-99,x,x,x,x,x,x,x,x,x,x,x,x,x,x,x,x,x,x,x,1.053,x,False,False,False,5291,"5249, 5319",40,8.04E+12,23.5,Lya,hard to fit cont : NO GALAXIES
HE0439-5254,5879,ADF-S051,1,"('70.05', '-52.805')","('69.72732', '-52.86293')",-99.99,-99.99,-99.99,-99.99,293.0381484317666,x,5862.0,5996.0,117.0,82.56,x,-99.99,-99.99,-99,-99,7.5,-99.99,x,-99.99,-99,x,x,0.02,1.053,x,?,False,False,5879,"5840, 5912",38,7.49E+12,28.9,Lya,hard to fit cont : ONLY 1 GALAXY
HE0439-5254,6348,ADF-S051,1,"('70.05', '-52.805')","('69.72732', '-52.86293')",-99.99,-99.99,-99.99,-99.99,293.0381484317666,x,5862.0,5996.0,-352.0,82.56,x,-99.99,-99.99,-99,-99,7.5,-99.99,x,-99.99,-99,x,x,0.02,1.053,x,?,False,False,6348,"6312, 6380",42,8.59E+12,23.8,Lya,hard to fit cont : ONLY 1 GALAXY
HE0439-5254,8063.0,x,0,"('70.05', '-52.805')","('x', 'x')",-99,-99,-99,-99,x,x,x,x,x,x,x,x,x,x,x,x,x,x,x,x,x,x,x,1.053,x,False,False,False,8063,"8034, 8088",33,6.58E+12,18.4,Lya,hard to fit cont : NO GALAXIES
H1101-232,1182,NGC3513,6,"('165.90708333333333', '-23.491944444444446')","('165.942', '-23.2455')",1.684673648450118,1.4230177997163371,147.10609559527887,103.89350797812153,60.29112701743224,x,1419.0,1194.0,12.0,13.9,x,22.1,19.2,30.0,120.0,67.4,169.1,.SBT5..,0.83,75.0,SB(s)c_HII,SB(s)c_HII,0.003983,0.186,x,?,False,False,1182,"1038, 1286",635,2.79E+14,69.5,Lya,r:Lya at 1203 : VIRIAL AND CUSTOM INCLUDE MISMATCH
H1101-232,2117,IC2627,1,"('165.90708333333333', '-23.491944444444446')","('167.47246', '-23.72594')",0.008131436029123392,2.7810594411062623e-205,28.035654353601306,2.8284271247461903,61.383312853885734,x,2316.0,2090.0,-27.0,2.42,x,2.0,1.6,39.0,20.0,79.3,161.49,.SAS4*.,0.87,-99,SAB(rs?)bc_HII,SAB(rs?)bc_HII,0.006971,0.186,x,?,False,False,2117,"2058, 2142",46,9.29E+12,34.6,Lya,super weak : ONLY 1 GALAXY
H1101-232,3565,MCG-04-26-019,2,"('165.90708333333333', '-23.491944444444446')","('165.70883', '-23.59161')",0.3114065777109085,0.21658154676442248,174.8999376400109,151.34828707322723,181.97629541680266,x,3846.0,3623.0,58.0,50.3,x,28.4,11.9,65.0,35.0,26.3,90.81,PSXT2..,-99.99,30.0,(R:)SA:(s)ab_HII,(R:)SA:(s)ab_HII,0.012086,0.186,x,?,True,True,3565,"3460, 3678",563,2.79E+14,56.1,Lya,in pilot paper as 3580
H1101-232,5835.0,x,0,"('165.9070833', '-23.49194444')","('x', 'x')",-99,-99,-99,-99,x,x,x,x,x,x,x,x,x,x,x,x,x,x,x,x,x,x,x,0.186,x,False,False,False,5835,"5793, 5877",38,7.58E+12,29.4,Lya,super weak : NO GALAXIES
H1101-232,8860.0,x,0,"('165.9070833', '-23.49194444')","('x', 'x')",-99,-99,-99,-99,x,x,x,x,x,x,x,x,x,x,x,x,x,x,x,x,x,x,x,0.186,x,False,False,False,8860,"8833, 8889",37,7.43E+12,21.7,Lya,weak : NO GALAXIES
SDSSJ112005.00+041323.0,2285,NGC3633,4,"('170.02083333333334', '4.223055555555556')","('170.10924', '3.58561')",1.8286208673273965e-07,1.7378790762482574e-17,128.17349203645304,77.0048115379812,462.73841228917854,x,2884.0,2600.0,315.0,41.2,x,18.1,6.5,69.0,70.0,77.9,72.14,.SA.1*/,-99.99,72.0,SAa:_sp_HII,SAa:_sp_HII,0.008673,0.54689,x,?,False,False,2285,"2276, 2300",27,6.28E+12,8.4,Lya,"very narrow, weak : VIRIAL AND CUSTOM INCLUDE MISMATCH"
SDSSJ112005.00+041323.0,2578,NGC3633,4,"('170.02083333333334', '4.223055555555556')","('170.10924', '3.58561')",2.1586908831204496e-06,2.051570002778069e-16,128.17349203645304,77.0048115379812,462.73841228917854,x,2884.0,2600.0,22.0,41.2,x,18.1,6.5,69.0,70.0,77.9,72.14,.SA.1*/,-99.99,72.0,SAa:_sp_HII,SAa:_sp_HII,0.008673,0.54689,x,?,False,False,2578,"2528, 2612",116,2.69E+01,30.8,Lya, : VIRIAL AND CUSTOM INCLUDE MISMATCH
SDSSJ112005.00+041323.0,6096.0,x,0,"('170.0208333', '4.223055556')","('x', 'x')",-99,-99,-99,-99,x,x,x,x,x,x,x,x,x,x,x,x,x,x,x,x,x,x,x,0.54689,x,False,False,False,6096,"6058, 6146",171,4.54E+13,29.9,Lya, : NO GALAXIES
SDSSJ112005.00+041323.0,8810.0,x,0,"('170.0208333', '4.223055556')","('x', 'x')",-99,-99,-99,-99,x,x,x,x,x,x,x,x,x,x,x,x,x,x,x,x,x,x,x,0.54689,x,False,False,False,8810,"8754, 8862",157,3.70E+13,38.6,Lya, : NO GALAXIES
SDSSJ112005.00+041323.0,9533.0,x,0,"('170.0208333', '4.223055556')","('x', 'x')",-99,-99,-99,-99,x,x,x,x,x,x,x,x,x,x,x,x,x,x,x,x,x,x,x,0.54689,x,False,False,False,9533,"9473, 9607",255,6.54E+13,48.2,Lya, : NO GALAXIES
RX_J1121.2+0326,1471,NGC3640,25,"('170.30833333333334', '3.4297222222222223')","('170.27854', '3.23483')",0.769889264188177,0.7102575781549482,171.91391896736113,145.7872868257037,78.10849224941208,x,1582.0,1298.0,-173.0,22.7,x,27.7,22.2,37.0,100.0,88.7,238.86,.E.3...,1.0,100.0,E3,E3,0.00433,0.152,x,?,True,True,1471,"1440, 1498",234,5.03E+13,24.6,Lya,noisy
RX_J1121.2+0326,2605,NGC3633,2,"('170.30833333333334', '3.4297222222222223')","('170.10924', '3.58561')",0.1342052807750262,0.0038366488910329894,128.17349203645304,77.0048115379812,181.61599049680822,x,2884.0,2600.0,-5.0,41.2,x,18.1,6.5,69.0,70.0,58.1,72.14,.SA.1*/,0.33,72.0,SAa:_sp_HII,SAa:_sp_HII,0.008673,0.152,x,?,True,False,2605,"2546, 2666",180,4.41E+13,39.4,Lya,noisy : VIRIAL AND CUSTOM INCLUDE MISMATCH
RX_J1121.2+0326,6384.0,x,0,"('170.3083333', '3.429722222')","('x', 'x')",-99,-99,-99,-99,x,x,x,x,x,x,x,x,x,x,x,x,x,x,x,x,x,x,x,0.152,x,False,False,False,6384,"6334, 6432",159,4.06E+13,31.9,Lya,noisy : NO GALAXIES
RX_J1121.2+0326,6975,PGC034796,1,"('170.30833333333334', '3.4297222222222223')","('170.36231', '3.44491')",1.2292065508122771,1.0288887878757145,166.30553723674035,135.64565603070375,98.8858513998737,x,7186.0,6902.0,-73.0,101.21,x,26.4,12.9,61.0,145.0,70.7,-99.99,x,-99.99,-99,Scd,Scd,0.023022,0.152,x,?,True,True,6975,"6770, 7110",744,2.20E+14,119.6,Lya,"noisy, possibly blended? : ONLY 1 GALAXY"
SDSSJ112224.10+031802.0,1049,NGC3640,11,"('170.60041666666666', '3.3005555555555555')","('170.27854', '3.23483')",0.23971927172991842,0.19177288860163932,171.91391896736113,145.7872868257037,129.95247320333513,x,1582.0,1298.0,249.0,22.7,x,27.7,22.2,37.0,100.0,21.6,238.86,.E.3...,-99.99,100.0,E3,E3,0.00433,0.47528,x,?,True,True,1049,"977, 1111",300,9.87E+13,42.4,Lya,in pilot set
SDSSJ112224.10+031802.0,1264,NGC3640,21,"('170.60041666666666', '3.3005555555555555')","('170.27854', '3.23483')",1.0972842446249973,0.8778158205231219,171.91391896736113,145.7872868257037,129.95247320333513,x,1582.0,1298.0,34.0,22.7,x,27.7,22.2,37.0,100.0,21.6,238.86,.E.3...,-99.99,100.0,E3,E3,0.00433,0.47528,x,?,True,True,1264,"1180, 1360",433,1.56E+14,56.1,Lya,in pilot set
SDSSJ112224.10+031802.0,8872,SDSSJ112230.40+031545.8,1,"('170.60041666666666', '3.3005555555555555')","('170.62667', '3.26275')",0.8995244029320364,0.09497682185708411,121.74843978037151,68.8595091472485,104.12419396654934,x,9208.0,8924.0,52.0,129.69,x,16.8,9.4,56.0,148.0,2.7,-99.99,x,-99.99,-99,x,x,0.029767,0.47528,x,?,True,True,8872,"8770, 8964",435,1.41E+14,56.6,Lya,in pilot set : ONLY 1 GALAXY
SDSSJ112224.10+031802.0,9890.0,x,0,"('170.6004167', '3.300555556')","('x', 'x')",-99,-99,-99,-99,x,x,x,x,x,x,x,x,x,x,x,x,x,x,x,x,x,x,x,0.47528,x,False,False,False,9890,"9822, 9960",56,1.10E+13,52.6,Lya,in pilot set : NO GALAXIES
SDSSJ112224.10+031802.0,10193.0,x,0,"('170.6004167', '3.300555556')","('x', 'x')",-99,-99,-99,-99,x,x,x,x,x,x,x,x,x,x,x,x,x,x,x,x,x,x,x,0.47528,x,False,False,False,10193,"10139, 10243",181,4.53E+13,36,Lya,"in pilot set, outside window : NO GALAXIES"
3C273.0,1013,NGC4517,15,"('187.27791666666667', '2.0525')","('188.18996', '0.11503')",0.03401658814649303,0.04709645723502604,207.56778682516213,219.60998155821605,362.518312519479,x,1420.0,1128.0,115.0,9.7,x,36.4,5.8,81.0,83.0,71.8,628.28,.SAS6*/,-99.99,83.0,SA(s)cd:_sp_HII,SA(s)cd:_sp_HII,0.003764,0.15834,x,?,True,True,1013,"910, 1116",382,1.36E+14,44.3,Lya,in pilot paper
3C273.0,1580,NGC4527,30,"('187.27791666666667', '2.0525')","('188.53509', '2.65366')",0.02395378737128928,0.015429862809216346,187.03616663496922,175.11224114835605,330.5426430509268,x,2031.0,1736.0,156.0,13.6,x,31.3,10.7,70.0,70.0,5.6,369.96,.SXS4..,0.36,67.0,SAB(s)bc;HII_LINER,SAB(s)bc;HII_LINER,0.005791,0.15834,x,?,False,True,1580,"1482, 1700",369,1.43E+14,42,Lya,in pilot paper : VIRIAL AND CUSTOM INCLUDE MISMATCH
3C273.0,2156,NGC4536,7,"('187.27791666666667', '2.0525')","('188.61271', '2.18814')",0.0011349368690031418,0.0004459849118278236,179.96633842111865,161.04141082342767,348.66954715361874,x,2103.0,1808.0,-348.0,14.9,x,29.6,15.4,59.0,95.0,10.8,455.15,.SXT4..,-99.99,130.0,SAB(rs)bc;HII_Sbrst,SAB(rs)bc;HII_Sbrst,0.006031,0.15834,x,?,False,False,2156,"2089, 2243",42,7.95E+12,57.9,Lya,in pilot paper : VIRIAL AND CUSTOM INCLUDE MISMATCH
3C273.0,2267,NGC4385,3,"('187.27791666666667', '2.0525')","('186.42835', '0.57262')",1.4687868237431411e-09,1.0860702764947878e-193,52.75811898352246,11.180339887498949,235.5613327822267,x,2433.0,2140.0,-127.0,7.91,x,5.0,2.3,63.0,100.0,70.2,131.27,.LBT+*.,-99.99,82.0,SB(rs)0+:;HII_Sbrst,SB(rs)0+:;HII_Sbrst,0.007138,0.15834,x,?,False,False,2267,"2244, 2344",27,5.07E+12,36.1,Lya,in pilot paper : VIRIAL AND CUSTOM INCLUDE MISMATCH
3C273.0,7857.0,x,0,"('187.2779167', '2.0525')","('x', 'x')",-99,-99,-99,-99,x,x,x,x,x,x,x,x,x,x,x,x,x,x,x,x,x,x,x,0.15834,x,False,False,False,7857,"7810, 7912",42,8.28E+12,30.6,Lya,in pilot paper : NO GALAXIES
3C273.0,8828,3C273:[PWC2011]1611,3,"('187.27791666666667', '2.0525')","('187.373', '2.19736')",7.136786897284713e-05,1.566286414170871e-08,144.33861620616153,99.69139882657882,400.1184587909377,x,9396.0,9101.0,273.0,132.33,x,21.5,11.2,59.0,144.0,69.3,-99.99,x,-99.99,-99,x,x,0.030358,0.15834,x,?,False,False,8828,"8738, 8922",138,2.95E+13,49.9,Lya,in pilot paper : VIRIAL AND CUSTOM INCLUDE MISMATCH
3C273.0,9835,3C273:[PWC2011]0288,1,"('187.27791666666667', '2.0525')","('187.12675', '2.1085')",2.3224810091782863e-06,2.393465997970288e-22,111.55282773524318,56.93673682254718,401.71371401898693,x,10144.0,9849.0,14.0,142.86,x,14.8,12.6,32.0,132.0,21.7,-99.99,x,-99.99,-99,x,x,0.032853,0.15834,x,?,False,False,9835,"9782, 9884",39,7.69E+12,30,Lya,in pilot paper : ONLY 1 GALAXY
HE1228+0131,1176,NGC4517,23,"('187.70833333333334', '1.256388888888889')","('188.18996', '0.11503')",0.3401077816655498,0.758467776503761,207.56778682516213,219.60998155821605,209.7249045072657,x,1420.0,1128.0,-48.0,9.7,x,36.4,5.8,81.0,83.0,74.1,628.28,.SAS6*/,0.54,83.0,SA(s)cd:_sp_HII,SA(s)cd:_sp_HII,0.003764,0.117,x,?,True,True,1176,"1157, 1205",9,1.75E+12,18.4,Lya,"in pilot paper, very weak"
HE1228+0131,1495,NGC4517,30,"('187.70833333333334', '1.256388888888889')","('188.18996', '0.11503')",0.01242409301171796,0.02770672918898445,207.56778682516213,219.60998155821605,209.7249045072657,x,1420.0,1128.0,-367.0,9.7,x,36.4,5.8,81.0,83.0,74.1,628.28,.SAS6*/,0.36,83.0,SA(s)cd:_sp_HII,SA(s)cd:_sp_HII,0.003764,0.117,x,?,False,True,1495,"1426, 1558",160,3.99E+13,33.6,Lya,in pilot paper : VIRIAL AND CUSTOM INCLUDE MISMATCH
HE1228+0131,1571,NGC4527,25,"('187.70833333333334', '1.256388888888889')","('188.53509', '2.65366')",0.0072656561215643034,0.003996867158075499,187.03616663496922,175.11224114835605,385.3113758018855,x,2031.0,1736.0,165.0,13.6,x,31.3,10.7,70.0,70.0,39.4,369.96,.SXS4..,0.36,67.0,SAB(s)bc;HII_LINER,SAB(s)bc;HII_LINER,0.005791,0.117,x,?,False,False,1571,"1558, 1602",23,4.57E+12,17.9,Lya,in pilot paper : VIRIAL AND CUSTOM INCLUDE MISMATCH
HE1228+0131,1686,NGC4536,22,"('187.70833333333334', '1.256388888888889')","('188.61271', '2.18814')",0.020422396120888368,0.008507533645634566,179.96633842111865,161.04141082342767,337.59992494886507,x,2103.0,1808.0,122.0,14.9,x,29.6,15.4,59.0,95.0,50.9,455.15,.SXT4..,0.36,130.0,SAB(rs)bc;HII_Sbrst,SAB(rs)bc;HII_Sbrst,0.006031,0.117,x,?,False,False,1686,"1602, 1720",321,1.68E+14,34,Lya,"in pilot paper, totally blended with 1721 : VIRIAL AND CUSTOM INCLUDE MISMATCH"
HE1228+0131,1721,NGC4536,19,"('187.70833333333334', '1.256388888888889')","('188.61271', '2.18814')",0.02452044226264005,0.010214692062596991,179.96633842111865,161.04141082342767,337.59992494886507,x,2103.0,1808.0,87.0,14.9,x,29.6,15.4,59.0,95.0,50.9,455.15,.SXT4..,0.36,130.0,SAB(rs)bc;HII_Sbrst,SAB(rs)bc;HII_Sbrst,0.006031,0.117,x,?,False,False,1721,"1720, 1830",303,1.54E+14,33,Lya,"in pilot paper, totally blended with 1686 : VIRIAL AND CUSTOM INCLUDE MISMATCH"
HE1228+0131,1854,NGC4536,20,"('187.70833333333334', '1.256388888888889')","('188.61271', '2.18814')",0.028101758310732576,0.011706591768902014,179.96633842111865,161.04141082342767,337.59992494886507,x,2103.0,1808.0,-46.0,14.9,x,29.6,15.4,59.0,95.0,50.9,455.15,.SXT4..,0.1,130.0,SAB(rs)bc;HII_Sbrst,SAB(rs)bc;HII_Sbrst,0.006031,0.117,x,?,False,False,1854,"1830, 1950",78,1.60E+13,41.3,Lya,in pilot paper : VIRIAL AND CUSTOM INCLUDE MISMATCH
HE1228+0131,2311,UGC07625,6,"('187.70833333333334', '1.256388888888889')","('187.38654', '0.83964')",4.849381556513507e-06,2.3913966730797757e-25,102.54563860403421,47.4140380056371,356.5350434168371,x,2527.0,2234.0,-77.0,38.8,x,13.1,1.3,84.0,73.0,35.3,54.72,.S..9?/,-99.99,73.0,Sd(f),Sd(f),0.007452,0.117,x,?,False,False,2311,"2222, 2408",343,1.26E+14,39.3,Lya,in pilot paper : VIRIAL AND CUSTOM INCLUDE MISMATCH
HE1228+0131,7553.0,x,0,"('187.7083333', '1.256388889')","('x', 'x')",-99,-99,-99,-99,x,x,x,x,x,x,x,x,x,x,x,x,x,x,x,x,x,x,x,0.117,x,False,False,False,7553,"7506, 7624",61,1.22E+13,34.9,Lya,in pilot paper : NO GALAXIES
HE1228+0131,9240,2PIGGNGPGALB+3.26383+0.02704,1,"('187.70833333333334', '1.256388888888889')","('187.64345', '1.27345')",0.17892999597488937,0.009950512581780474,126.70384711653799,75.0982822706352,158.49307374498053,x,9613.0,9319.0,79.0,135.39,x,17.8,15.7,28.0,45.0,59.7,-99.99,x,-99.99,-99,x,x,0.031084,0.117,x,?,True,False,9240,"9134, 9310",248,6.04E+13,53.8,Lya,"in pilot paper, blended with 9351 : ONLY 1 GALAXY"
HE1228+0131,9351,2PIGGNGPGALB+3.26383+0.02704,1,"('187.70833333333334', '1.256388888888889')","('187.64345', '1.27345')",0.20385717893716912,0.01133674324893657,126.70384711653799,75.0982822706352,158.49307374498053,x,9613.0,9319.0,-32.0,135.39,x,17.8,15.7,28.0,45.0,59.7,-99.99,x,-99.99,-99,x,x,0.031084,0.117,x,?,True,True,9351,"9310, 9380",124,3.01E+13,27.9,Lya,"in pilot paper, blended with 9240 and SII : ONLY 1 GALAXY"
HE1228+0131,9568,2PIGGNGPGALB+3.26383+0.02704,1,"('187.70833333333334', '1.256388888888889')","('187.64345', '1.27345')",0.04438913114360723,0.0024685330457435077,126.70384711653799,75.0982822706352,158.49307374498053,x,9613.0,9319.0,-249.0,135.39,x,17.8,15.7,28.0,45.0,59.7,-99.99,x,-99.99,-99,x,x,0.031084,0.117,x,?,True,False,9568,"9522, 9618",32,6.20E+12,31.5,no,in pilot paper : ONLY 1 GALAXY
HE1228+0131,9716,2PIGGNGPGALB+3.26383+0.02704,1,"('187.70833333333334', '1.256388888888889')","('187.64345', '1.27345')",0.004066548663216796,0.00022614566896564373,126.70384711653799,75.0982822706352,158.49307374498053,x,9613.0,9319.0,-397.0,135.39,x,17.8,15.7,28.0,45.0,59.7,-99.99,x,-99.99,-99,x,x,0.031084,0.117,x,?,False,False,9716,"9700, 9754",11,2.07E+12,21,Lya,"in pilot paper, extremely weak/dubious : ONLY 1 GALAXY"
LBQS1230-0015,1127,NGC4517,13,"('188.26708333333335', '-0.5261111111111111')","('188.18996', '0.11503')",1.5154469495005556,1.5609579978726662,207.56778682516213,219.60998155821605,109.32573241978302,x,1420.0,1128.0,1.0,9.7,x,36.4,5.8,81.0,83.0,89.9,628.28,.SAS6*/,0.66,83.0,SA(s)cd:_sp_HII,SA(s)cd:_sp_HII,0.003764,0.47095,x,?,True,True,1127,"1027, 1165",388,1.82E+14,42.9,Lya,"in pilot paper, blended with 1163"
LBQS1230-0015,1163,NGC4517,14,"('188.26708333333335', '-0.5261111111111111')","('188.18996', '0.11503')",1.4697765929040765,1.5139160948760186,207.56778682516213,219.60998155821605,109.32573241978302,x,1420.0,1128.0,-35.0,9.7,x,36.4,5.8,81.0,83.0,89.9,628.28,.SAS6*/,-99.99,83.0,SA(s)cd:_sp_HII,SA(s)cd:_sp_HII,0.003764,0.47095,x,?,True,True,1163,"1164, 1226",100,2.75E+13,19.7,Lya,"in pilot paper, blended with 1127"
LBQS1230-0015,2406,NGC4385,2,"('188.26708333333335', '-0.5261111111111111')","('186.42835', '0.57262')",3.87073232434339e-15,2.608456283290555e-305,52.75811898352246,11.180339887498949,295.71117555377685,x,2433.0,2140.0,-266.0,7.91,x,5.0,2.3,63.0,100.0,20.9,131.27,.LBT+*.,-99.99,82.0,SB(rs)0+:;HII_Sbrst,SB(rs)0+:;HII_Sbrst,0.007138,0.47095,x,?,False,False,2406,"2372, 2442",107,2.55E+13,24.9,Lya,in pilot paper : VIRIAL AND CUSTOM INCLUDE MISMATCH
LBQS1230-0015,4308.0,x,0,"('188.2670833', '-0.526111111')","('x', 'x')",-99,-99,-99,-99,x,x,x,x,x,x,x,x,x,x,x,x,x,x,x,x,x,x,x,0.47095,x,False,False,False,4308,"4273, 4333",28,5.48E+12,24.7,Lya,"in pilot paper, super weak/dubious : NO GALAXIES"
LBQS1230-0015,4678.0,x,0,"('188.2670833', '-0.526111111')","('x', 'x')",-99,-99,-99,-99,x,x,x,x,x,x,x,x,x,x,x,x,x,x,x,x,x,x,x,0.47095,x,False,False,False,4678,"4665, 4697",15,2.99E+12,10.5,Lya,"in pilot paper, super weak/dubious : NO GALAXIES"
LBQS1230-0015,6828,2PIGGNGPGALB+3.27437-0.00740,1,"('188.26708333333335', '-0.5261111111111111')","('188.24852', '-0.69954')",2.5109722196832803e-08,7.504134618154595e-47,85.11380382023764,31.622776601683793,320.79872228495174,x,7482.0,7191.0,363.0,105.38,x,10.0,7.4,42.0,77.0,70.9,-99.99,x,-99.99,-99,x,x,0.023985,0.47095,x,?,False,False,6828,"6756, 6890",186,4.71E+13,37.9,Lya,in pilot paper : ONLY 1 GALAXY
PG1302-102,1313,UGCA330,8,"('196.3875', '-10.555555555555555')","('197.44792', '-10.32')",3.660254575213893e-06,1.343157850011724e-19,115.67938547921628,61.615063093370274,404.92333930666894,x,1481.0,1210.0,-103.0,21.7,x,15.6,15.6,0.0,-99,3.7,177.07,.SXS7*.,-99.99,-99,SAB(s)d:_Sy2,SAB(s)d:_Sy2,0.004037,0.2784,x,?,False,False,1313,"1238, 1404",332,1.25E+14,37.5,Lya,in pilot paper : VIRIAL AND CUSTOM INCLUDE MISMATCH
PG1302-102,3448,NGC4939,1,"('196.3875', '-10.555555555555555')","('196.05996', '-10.33961')",0.01678238176008955,0.04789639471554431,228.73239418747616,271.21957709575463,253.81316146022763,x,3382.0,3110.0,-338.0,37.5,x,41.9,28.9,46.0,5.0,61.2,329.72,.SAS4..,0.51,10.0,SA(s)bc_Sy2,SA(s)bc_Sy2,0.010374,0.2784,x,?,True,True,3448,"3402, 3492",72,1.50E+13,29.4,Lya,in pilot paper : ONLY 1 GALAXY
PG1302-102,5857.0,x,0,"('196.3875', '-10.55527778')","('x', 'x')",-99,-99,-99,-99,x,x,x,x,x,x,x,x,x,x,x,x,x,x,x,x,x,x,x,0.2784,x,False,False,False,5857,"5824, 5894",52,1.06E+13,23.1,Lya,in pilot paper : NO GALAXIES
PG1302-102,6596.0,x,0,"('196.3875', '-10.55527778')","('x', 'x')",-99,-99,-99,-99,x,x,x,x,x,x,x,x,x,x,x,x,x,x,x,x,x,x,x,0.2784,x,False,False,False,6596,"6544, 6640",60,1.22E+13,30.7,Lya,in pilot paper : NO GALAXIES
PG1302-102,7573,GALEXASCJ130558.02-102450.3,1,"('196.3875', '-10.555555555555555')","('196.49167', '-10.41389')",-99.99,-99.99,-99.99,-99.99,336.4483390238495,x,7829.0,7558.0,-15.0,110.27,x,-99.99,-99.99,-99,-99,45.1,-99.99,x,-99.99,-99,x,x,0.02521,0.2784,x,?,False,False,7573,"7540, 7608",44,8.91E+12,23.1,Lya,in pilot paper : ONLY 1 GALAXY
PG1302-102,7744,GALEXASCJ130558.02-102450.3,1,"('196.3875', '-10.555555555555555')","('196.49167', '-10.41389')",-99.99,-99.99,-99.99,-99.99,336.4483390238495,x,7829.0,7558.0,-186.0,110.27,x,-99.99,-99.99,-99,-99,45.1,-99.99,x,-99.99,-99,x,x,0.02521,0.2784,x,?,False,False,7744,"7696, 7782",27,5.16E+12,29.8,Lya,"not in pilot paper, weak : ONLY 1 GALAXY"
PG1302-102,8516.0,x,0,"('196.3875', '-10.55527778')","('x', 'x')",-99,-99,-99,-99,x,x,x,x,x,x,x,x,x,x,x,x,x,x,x,x,x,x,x,0.2784,x,False,False,False,8516,"8496, 8526",8,1.46E+12,12.2,Lya,"not in pilot paper, weak : NO GALAXIES"
PG1302-102,9805.0,x,0,"('196.3875', '-10.55527778')","('x', 'x')",-99,-99,-99,-99,x,x,x,x,x,x,x,x,x,x,x,x,x,x,x,x,x,x,x,0.2784,x,False,False,False,9805,"9774, 9816",21,4.14E+12,16.1,Lya,in pilot paper : NO GALAXIES
PG1302-102,9856.0,x,0,"('196.3875', '-10.55527778')","('x', 'x')",-99,-99,-99,-99,x,x,x,x,x,x,x,x,x,x,x,x,x,x,x,x,x,x,x,0.2784,x,False,False,False,9856,"9825, 9885",35,6.98E+12,21.5,Lya,in pilot paper : NO GALAXIES
SDSSJ135726.27+043541.4,1124,NGC5364,21,"('209.35958333333332', '4.594722222222222')","('209.05', '5.01447')",0.6998890735161767,0.6866872370804677,195.60730162998587,193.02772857804652,164.560925173681,x,1516.0,1241.0,117.0,18.1,x,33.4,19.0,55.0,48.0,84.3,405.65,.SAT4P.,-99.99,30.0,SA(rs)bc_pec_HII,SA(rs)bc_pec_HII,0.00414,1.23453,x,?,True,True,1124,"1088, 1160",83,1.87E+13,24.2,Lya,blended
SDSSJ135726.27+043541.4,1296,NGC5364,19,"('209.35958333333332', '4.594722222222222')","('209.05', '5.01447')",0.9137178776987586,0.8964826408216346,195.60730162998587,193.02772857804652,164.560925173681,x,1516.0,1241.0,-55.0,18.1,x,33.4,19.0,55.0,48.0,84.3,405.65,.SAT4P.,-99.99,30.0,SA(rs)bc_pec_HII,SA(rs)bc_pec_HII,0.00414,1.23453,x,?,True,True,1296,"1264, 1324",92,2.23E+13,20.2,Lya,
SDSSJ135726.27+043541.4,2586.0,x,0,"('209.3595833', '4.594722222')","('x', 'x')",-99,-99,-99,-99,x,x,x,x,x,x,x,x,x,x,x,x,x,x,x,x,x,x,x,1.23453,x,False,False,False,2586,"2552, 2624",60,1.24E+13,27.4,Lya,weak : NO GALAXIES
SDSSJ135726.27+043541.4,4540,NGC5434,1,"('209.35958333333332', '4.594722222222222')","('210.84644', '9.44809')",6.621768870075598e-67,0.0,27.060759693886542,2.618969262897142,333.77320512319557,x,4914.0,4640.0,100.0,3.77,x,1.9,1.6,31.0,35.0,18.0,109.18,.SA.5..,1.0,-99,SAc,SAc,0.015477,1.23453,x,?,False,False,4540,"4507, 4555",34,7.07E+12,14.9,Lya,weak : ONLY 1 GALAXY
SDSSJ135726.27+043541.4,8804.0,x,0,"('209.3595833', '4.594722222')","('x', 'x')",-99,-99,-99,-99,x,x,x,x,x,x,x,x,x,x,x,x,x,x,x,x,x,x,x,1.23453,x,False,False,False,8804,"8765, 8847",89,1.94E+13,28.5,Lya, : NO GALAXIES
QSO1500-4140,2028.0,x,0,"('225.89125', '-41.87333333')","('x', 'x')",-99,-99,-99,-99,x,x,x,x,x,x,x,x,x,x,x,x,x,x,x,x,x,x,x,0.335,x,False,False,False,2028,"1988, 2058",95,2.18E+13,28.2,Lya,weak : NO GALAXIES
QSO1500-4140,3141,NGC5786,2,"('225.89125', '-41.873333333333335')","('224.73442', '-42.01336')",0.001214100719372031,0.0003191565836196147,182.05846719712505,165.13903536111624,453.41428701380363,x,3124.0,2998.0,-143.0,29.8,x,30.1,13.8,63.0,80.0,0.8,140.65,PSBS4..,0.49,63.0,(R'_2)SAB(s)bc,(R'_2)SAB(s)bc,0.01,0.335,x,?,False,False,3141,"3100, 3184",177,5.06E+13,27.1,Lya, : VIRIAL AND CUSTOM INCLUDE MISMATCH
QSO1500-4140,5290.0,x,0,"('225.8916667', '-41.87305556')","('x', 'x')",-99,-99,-99,-99,x,x,x,x,x,x,x,x,x,x,x,x,x,x,x,x,x,x,x,0.335,x,False,False,False,5290,"5185, 5383",398,1.28E+14,54.5,Lya, : NO GALAXIES
QSO1500-4140,8503.0,x,0,"('225.8916667', '-41.87305556')","('x', 'x')",-99,-99,-99,-99,x,x,x,x,x,x,x,x,x,x,x,x,x,x,x,x,x,x,x,0.335,x,False,False,False,8503,"8442, 8540",159,3.87E+13,34,Lya,blended a bit with SII : NO GALAXIES
QSO1500-4140,8972.0,x,0,"('225.8916667', '-41.87305556')","('x', 'x')",-99,-99,-99,-99,x,x,x,x,x,x,x,x,x,x,x,x,x,x,x,x,x,x,x,0.335,x,False,False,False,8972,"8927,  8999",42,8.60E+12,24.2,Lya,"weird continuum, weak : NO GALAXIES"
QSO1500-4140,9621.0,x,0,"('225.8916667', '-41.87305556')","('x', 'x')",-99,-99,-99,-99,x,x,x,x,x,x,x,x,x,x,x,x,x,x,x,x,x,x,x,0.335,x,False,False,False,9621,"9558,  9680",286,8.55E+13,45.4,Lya,"weird continuum, looks like a double to me? : NO GALAXIES"
QSO1500-4140,9757.0,x,0,"('225.8916667', '-41.87305556')","('x', 'x')",-99,-99,-99,-99,x,x,x,x,x,x,x,x,x,x,x,x,x,x,x,x,x,x,x,0.335,x,False,False,False,9757,"9680, 9860",491,1.59E+14,66.1,Lya,"weird continuum, very uncertain : NO GALAXIES"
SDSSJ151237.15+012846.0,2051,NGC5846:[MTT2005]321,11,"('228.155', '1.4794444444444443')","('228.01018', '1.69874')",0.9435456385594534,0.19684782805353865,141.54708741853955,95.54752220753817,121.07512285287731,x,2245.0,2023.0,-28.0,26.4,x,20.9,1.9,85.0,57.0,89.6,147.28,.S..7./,0.09,57.0,Sd,Sd,0.006748,0.26625,x,?,True,True,2051,"1954, 2120",496,1.87E+14,57.4,Lya,noisy
SDSSJ151237.15+012846.0,8817,PGC054296,7,"('228.155', '1.4794444444444443')","('228.18209', '1.46487')",1.753194193038873,1.7536700255883926,198.02519643048618,198.25236442474022,68.16290845003904,x,9015.0,8794.0,-23.0,126.97,x,34.0,27.9,35.0,135.0,16.7,-99.99,x,-99.99,-99,x,x,0.029334,0.26625,x,?,False,True,8817,"7654, 10200",7289,3.10E+15,810.1,Lya,huge : VIRIAL AND CUSTOM INCLUDE MISMATCH
